"event_id","overlay_path","reviewer","review_status","notes"
"001f7df9d9eb995d-000","outputs\pilot\debug_overlays\001f7df9d9eb995d-000_minimum.png","Niko","pass",""
"001f7df9d9eb995d-001","outputs\pilot\debug_overlays\001f7df9d9eb995d-001_minimum.png","Niko","pass",""
"001f7df9d9eb995d-002","outputs\pilot\debug_overlays\001f7df9d9eb995d-002_minimum.png","Niko","pass",""
"001f7df9d9eb995d-003","outputs\pilot\debug_overlays\001f7df9d9eb995d-003_minimum.png","Niko","pass",""
"001f7df9d9eb995d-004","outputs\pilot\debug_overlays\001f7df9d9eb995d-004_minimum.png","Niko","pass",""
"001f7df9d9eb995d-005","outputs\pilot\debug_overlays\001f7df9d9eb995d-005_minimum.png","Niko","pass",""
"001f7df9d9eb995d-006","outputs\pilot\debug_overlays\001f7df9d9eb995d-006_minimum.png","Niko","pass",""
"001f7df9d9eb995d-007","outputs\pilot\debug_overlays\001f7df9d9eb995d-007_minimum.png","Niko","pass",""
"001f7df9d9eb995d-008","outputs\pilot\debug_overlays\001f7df9d9eb995d-008_minimum.png","Niko","pass",""
"001f7df9d9eb995d-009","outputs\pilot\debug_overlays\001f7df9d9eb995d-009_minimum.png","Niko","pass",""
"3659a6078c4700c9-000","outputs\pilot\debug_overlays\3659a6078c4700c9-000_minimum.png","Niko","pass",""
"3be7e50fabefc54f-000","outputs\pilot\debug_overlays\3be7e50fabefc54f-000_minimum.png","Niko","pass",""
"3be7e50fabefc54f-001","outputs\pilot\debug_overlays\3be7e50fabefc54f-001_minimum.png","Niko","pass",""
"3be7e50fabefc54f-002","outputs\pilot\debug_overlays\3be7e50fabefc54f-002_minimum.png","Niko","pass",""
"3be7e50fabefc54f-003","outputs\pilot\debug_overlays\3be7e50fabefc54f-003_minimum.png","Niko","pass",""
"47dcb0962178d3fd-000","outputs\pilot\debug_overlays\47dcb0962178d3fd-000_minimum.png","Niko","pass",""
"47dcb0962178d3fd-001","outputs\pilot\debug_overlays\47dcb0962178d3fd-001_minimum.png","Niko","pass",""
"47dcb0962178d3fd-002","outputs\pilot\debug_overlays\47dcb0962178d3fd-002_minimum.png","Niko","pass",""
"561103def6fe163b-000","outputs\pilot\debug_overlays\561103def6fe163b-000_minimum.png","Niko","pass",""
"561103def6fe163b-001","outputs\pilot\debug_overlays\561103def6fe163b-001_minimum.png","Niko","pass",""
"561103def6fe163b-002","outputs\pilot\debug_overlays\561103def6fe163b-002_minimum.png","Niko","pass",""
"561103def6fe163b-003","outputs\pilot\debug_overlays\561103def6fe163b-003_minimum.png","Niko","pass",""
"561103def6fe163b-004","outputs\pilot\debug_overlays\561103def6fe163b-004_minimum.png","Niko","pass",""
"561103def6fe163b-005","outputs\pilot\debug_overlays\561103def6fe163b-005_minimum.png","Niko","pass",""
"5d8a2518565a4aa1-000","outputs\pilot\debug_overlays\5d8a2518565a4aa1-000_minimum.png","Niko","pass",""
"5d8a2518565a4aa1-001","outputs\pilot\debug_overlays\5d8a2518565a4aa1-001_minimum.png","Niko","pass",""
"5d8a2518565a4aa1-002","outputs\pilot\debug_overlays\5d8a2518565a4aa1-002_minimum.png","Niko","pass",""
"5d8a2518565a4aa1-003","outputs\pilot\debug_overlays\5d8a2518565a4aa1-003_minimum.png","Niko","pass",""
"5d8a2518565a4aa1-004","outputs\pilot\debug_overlays\5d8a2518565a4aa1-004_minimum.png","Niko","pass",""
"69bc8356f95b42a1-000","outputs\pilot\debug_overlays\69bc8356f95b42a1-000_minimum.png","Niko","pass",""
"69bc8356f95b42a1-001","outputs\pilot\debug_overlays\69bc8356f95b42a1-001_minimum.png","Niko","pass",""
"69bc8356f95b42a1-002","outputs\pilot\debug_overlays\69bc8356f95b42a1-002_minimum.png","Niko","pass",""
"69bc8356f95b42a1-003","outputs\pilot\debug_overlays\69bc8356f95b42a1-003_minimum.png","Niko","pass",""
"69bc8356f95b42a1-004","outputs\pilot\debug_overlays\69bc8356f95b42a1-004_minimum.png","Niko","pass",""
"69bc8356f95b42a1-005","outputs\pilot\debug_overlays\69bc8356f95b42a1-005_minimum.png","Niko","pass",""
"69bc8356f95b42a1-006","outputs\pilot\debug_overlays\69bc8356f95b42a1-006_minimum.png","Niko","pass",""
"69bc8356f95b42a1-007","outputs\pilot\debug_overlays\69bc8356f95b42a1-007_minimum.png","Niko","pass",""
"69bc8356f95b42a1-008","outputs\pilot\debug_overlays\69bc8356f95b42a1-008_minimum.png","Niko","pass",""
"69bc8356f95b42a1-009","outputs\pilot\debug_overlays\69bc8356f95b42a1-009_minimum.png","Niko","pass",""
"6c39976a93f0ef14-000","outputs\pilot\debug_overlays\6c39976a93f0ef14-000_minimum.png","Niko","pass",""
"6c39976a93f0ef14-001","outputs\pilot\debug_overlays\6c39976a93f0ef14-001_minimum.png","Niko","pass",""
"6c39976a93f0ef14-002","outputs\pilot\debug_overlays\6c39976a93f0ef14-002_minimum.png","Niko","pass",""
"6c39976a93f0ef14-003","outputs\pilot\debug_overlays\6c39976a93f0ef14-003_minimum.png","Niko","pass",""
"6c39976a93f0ef14-004","outputs\pilot\debug_overlays\6c39976a93f0ef14-004_minimum.png","Niko","pass",""
"6c39976a93f0ef14-005","outputs\pilot\debug_overlays\6c39976a93f0ef14-005_minimum.png","Niko","pass",""
"6cf628602520afde-000","outputs\pilot\debug_overlays\6cf628602520afde-000_minimum.png","Niko","pass",""
"6cf628602520afde-001","outputs\pilot\debug_overlays\6cf628602520afde-001_minimum.png","Niko","pass",""
"6cf628602520afde-002","outputs\pilot\debug_overlays\6cf628602520afde-002_minimum.png","Niko","pass",""
"6cf628602520afde-003","outputs\pilot\debug_overlays\6cf628602520afde-003_minimum.png","Niko","pass",""
"6cf628602520afde-004","outputs\pilot\debug_overlays\6cf628602520afde-004_minimum.png","Niko","pass",""
"6cf628602520afde-005","outputs\pilot\debug_overlays\6cf628602520afde-005_minimum.png","Niko","pass",""
"6cf628602520afde-006","outputs\pilot\debug_overlays\6cf628602520afde-006_minimum.png","Niko","pass",""
"6cf628602520afde-007","outputs\pilot\debug_overlays\6cf628602520afde-007_minimum.png","Niko","pass",""
"79d9052f7e53a365-000","outputs\pilot\debug_overlays\79d9052f7e53a365-000_minimum.png","Niko","pass",""
"79d9052f7e53a365-001","outputs\pilot\debug_overlays\79d9052f7e53a365-001_minimum.png","Niko","pass",""
"79d9052f7e53a365-002","outputs\pilot\debug_overlays\79d9052f7e53a365-002_minimum.png","Niko","pass",""
"79d9052f7e53a365-003","outputs\pilot\debug_overlays\79d9052f7e53a365-003_minimum.png","Niko","pass",""
"79d9052f7e53a365-004","outputs\pilot\debug_overlays\79d9052f7e53a365-004_minimum.png","Niko","pass",""
"79d9052f7e53a365-005","outputs\pilot\debug_overlays\79d9052f7e53a365-005_minimum.png","Niko","pass",""
"79d9052f7e53a365-006","outputs\pilot\debug_overlays\79d9052f7e53a365-006_minimum.png","Niko","pass",""
"83ade7ee0335a00e-000","outputs\pilot\debug_overlays\83ade7ee0335a00e-000_minimum.png","Niko","pass",""
"83ade7ee0335a00e-001","outputs\pilot\debug_overlays\83ade7ee0335a00e-001_minimum.png","Niko","pass",""
"83ade7ee0335a00e-002","outputs\pilot\debug_overlays\83ade7ee0335a00e-002_minimum.png","Niko","pass",""
"83ade7ee0335a00e-003","outputs\pilot\debug_overlays\83ade7ee0335a00e-003_minimum.png","Niko","pass",""
"83ade7ee0335a00e-004","outputs\pilot\debug_overlays\83ade7ee0335a00e-004_minimum.png","Niko","pass",""
"83ade7ee0335a00e-005","outputs\pilot\debug_overlays\83ade7ee0335a00e-005_minimum.png","Niko","pass",""
"83ade7ee0335a00e-006","outputs\pilot\debug_overlays\83ade7ee0335a00e-006_minimum.png","Niko","pass",""
"83ade7ee0335a00e-007","outputs\pilot\debug_overlays\83ade7ee0335a00e-007_minimum.png","Niko","pass",""
"96676afb37c95dff-000","outputs\pilot\debug_overlays\96676afb37c95dff-000_minimum.png","Niko","pass",""
"96676afb37c95dff-001","outputs\pilot\debug_overlays\96676afb37c95dff-001_minimum.png","Niko","pass",""
"96676afb37c95dff-002","outputs\pilot\debug_overlays\96676afb37c95dff-002_minimum.png","Niko","pass",""
"96676afb37c95dff-003","outputs\pilot\debug_overlays\96676afb37c95dff-003_minimum.png","Niko","pass",""
"a0d571b91f73db7e-000","outputs\pilot\debug_overlays\a0d571b91f73db7e-000_minimum.png","Niko","pass",""
"a0d571b91f73db7e-001","outputs\pilot\debug_overlays\a0d571b91f73db7e-001_minimum.png","Niko","pass",""
"a0d571b91f73db7e-002","outputs\pilot\debug_overlays\a0d571b91f73db7e-002_minimum.png","Niko","pass",""
"b5783b97fdabfc49-000","outputs\pilot\debug_overlays\b5783b97fdabfc49-000_minimum.png","Niko","pass",""
"b5783b97fdabfc49-001","outputs\pilot\debug_overlays\b5783b97fdabfc49-001_minimum.png","Niko","pass",""
"b5783b97fdabfc49-002","outputs\pilot\debug_overlays\b5783b97fdabfc49-002_minimum.png","Niko","pass",""
"b5783b97fdabfc49-003","outputs\pilot\debug_overlays\b5783b97fdabfc49-003_minimum.png","Niko","pass",""
"bccaba9e7d0e0224-000","outputs\pilot\debug_overlays\bccaba9e7d0e0224-000_minimum.png","Niko","pass",""
"bccaba9e7d0e0224-001","outputs\pilot\debug_overlays\bccaba9e7d0e0224-001_minimum.png","Niko","pass",""
"bccaba9e7d0e0224-002","outputs\pilot\debug_overlays\bccaba9e7d0e0224-002_minimum.png","Niko","pass",""
"bccaba9e7d0e0224-003","outputs\pilot\debug_overlays\bccaba9e7d0e0224-003_minimum.png","Niko","pass",""
"d132b712c42e88fb-000","outputs\pilot\debug_overlays\d132b712c42e88fb-000_minimum.png","Niko","pass",""
"d132b712c42e88fb-001","outputs\pilot\debug_overlays\d132b712c42e88fb-001_minimum.png","Niko","pass",""
"d132b712c42e88fb-002","outputs\pilot\debug_overlays\d132b712c42e88fb-002_minimum.png","Niko","pass",""
"d5892777eec8b439-000","outputs\pilot\debug_overlays\d5892777eec8b439-000_minimum.png","Niko","pass",""
"d5892777eec8b439-001","outputs\pilot\debug_overlays\d5892777eec8b439-001_minimum.png","Niko","pass",""
"d5892777eec8b439-002","outputs\pilot\debug_overlays\d5892777eec8b439-002_minimum.png","Niko","pass",""
"d5892777eec8b439-003","outputs\pilot\debug_overlays\d5892777eec8b439-003_minimum.png","Niko","pass",""
"d5892777eec8b439-004","outputs\pilot\debug_overlays\d5892777eec8b439-004_minimum.png","Niko","pass",""
"d5892777eec8b439-005","outputs\pilot\debug_overlays\d5892777eec8b439-005_minimum.png","Niko","pass",""
"d5892777eec8b439-006","outputs\pilot\debug_overlays\d5892777eec8b439-006_minimum.png","Niko","pass",""
"dee94eabc347726f-000","outputs\pilot\debug_overlays\dee94eabc347726f-000_minimum.png","Niko","pass",""
"dee94eabc347726f-001","outputs\pilot\debug_overlays\dee94eabc347726f-001_minimum.png","Niko","pass",""
"dee94eabc347726f-002","outputs\pilot\debug_overlays\dee94eabc347726f-002_minimum.png","Niko","pass",""
"dee94eabc347726f-003","outputs\pilot\debug_overlays\dee94eabc347726f-003_minimum.png","Niko","pass",""
"dee94eabc347726f-004","outputs\pilot\debug_overlays\dee94eabc347726f-004_minimum.png","Niko","pass",""
"dee94eabc347726f-005","outputs\pilot\debug_overlays\dee94eabc347726f-005_minimum.png","Niko","pass",""
"f669006b0097e766-000","outputs\pilot\debug_overlays\f669006b0097e766-000_minimum.png","Niko","pass",""
"f669006b0097e766-001","outputs\pilot\debug_overlays\f669006b0097e766-001_minimum.png","Niko","pass",""
"f669006b0097e766-002","outputs\pilot\debug_overlays\f669006b0097e766-002_minimum.png","Niko","pass",""
"f669006b0097e766-003","outputs\pilot\debug_overlays\f669006b0097e766-003_minimum.png","Niko","pass",""
"f669006b0097e766-004","outputs\pilot\debug_overlays\f669006b0097e766-004_minimum.png","Niko","pass",""
"f669006b0097e766-005","outputs\pilot\debug_overlays\f669006b0097e766-005_minimum.png","Niko","pass",""
"ff96f3bfd21020ea-000","outputs\pilot\debug_overlays\ff96f3bfd21020ea-000_minimum.png","Niko","pass",""
"ff96f3bfd21020ea-001","outputs\pilot\debug_overlays\ff96f3bfd21020ea-001_minimum.png","Niko","pass",""
"ff96f3bfd21020ea-002","outputs\pilot\debug_overlays\ff96f3bfd21020ea-002_minimum.png","Niko","pass",""
"ff96f3bfd21020ea-003","outputs\pilot\debug_overlays\ff96f3bfd21020ea-003_minimum.png","Niko","pass",""
"ff96f3bfd21020ea-004","outputs\pilot\debug_overlays\ff96f3bfd21020ea-004_minimum.png","Niko","pass",""
"ff96f3bfd21020ea-005","outputs\pilot\debug_overlays\ff96f3bfd21020ea-005_minimum.png","Niko","pass",""
"ff96f3bfd21020ea-006","outputs\pilot\debug_overlays\ff96f3bfd21020ea-006_minimum.png","Niko","pass",""
"ff96f3bfd21020ea-007","outputs\pilot\debug_overlays\ff96f3bfd21020ea-007_minimum.png","Niko","pass",""
"ff96f3bfd21020ea-008","outputs\pilot\debug_overlays\ff96f3bfd21020ea-008_minimum.png","Niko","pass",""
"ff96f3bfd21020ea-009","outputs\pilot\debug_overlays\ff96f3bfd21020ea-009_minimum.png","Niko","pass",""
